{"l1":0.22385531663894653,"loss":0.6491295099258423,"_step":5000,"_wandb":{"runtime":1576},"val_loss":0.3309636116027832,"_runtime":1576.813634626,"val_kl":0.013180224224925041,"kl":0.042527422308921814,"val_l1":0.19916139543056488,"_timestamp":1.7503010752011697e+09}