{"val_loss":0.0533672496676445,"_timestamp":1.7751625318995917e+09,"l2_loss":0.002424478530883789,"loss":0.002424478530883789,"_step":100000,"_wandb":{"runtime":36391},"_runtime":36391.474867114,"val_l2_loss":0.0533672496676445}