{"loss":0.09834279119968414,"_runtime":2544.222812835,"val_l1":0.2140377163887024,"val_kl":0.00070515729021281,"_wandb":{"runtime":2544},"_timestamp":1.7750172876156435e+09,"kl":0.0032530538737773895,"_step":20000,"val_loss":0.22108927369117737,"l1":0.06581225246191025}