{"_runtime":9671.050536437,"l1":0.060360249131917953,"_wandb":{"runtime":9671},"val_l1":0.196626216173172,"kl":0.004483964294195175,"val_loss":0.2025064080953598,"loss":0.1051998883485794,"_timestamp":1.7513501304896178e+09,"_step":20000,"val_kl":0.0005880192620679736}