{"loss":0.22193250060081482,"_runtime":2690.871085852,"val_l1":0.14610232412815094,"val_kl":0.0024101517628878355,"l1":0.028828272596001625,"kl":0.019310422241687775,"val_loss":0.17020383477210999,"_step":10000,"_wandb":{"runtime":2690},"_timestamp":1.7503871194942272e+09}