{"kl":0.012498021125793457,"l1":0.09079355746507645,"val_kl":0.0015848338371142745,"_runtime":4902.85160187,"loss":0.21577376127243042,"_timestamp":1.751010134418628e+09,"_wandb":{"runtime":4902},"_step":10000,"val_l1":0.3847460448741913,"val_loss":0.40059444308280945}