{"_step":100000,"val_l2_loss":0.04169924929738045,"_wandb":{"runtime":37000},"_runtime":37000.929624069,"val_loss":0.04169924929738045,"_timestamp":1.7749173495408792e+09,"l2_loss":0.0025931671261787415,"loss":0.0025931671261787415}