{"_runtime":2522.746154785,"l1":0.037572383880615234,"_step":10000,"loss":0.1831085979938507,"_timestamp":1.7503916957454445e+09,"kl":0.014553621411323547,"val_kl":0.002322612563148141,"val_l1":0.09667167067527771,"_wandb":{"runtime":2522},"val_loss":0.11989779025316238}