{"val_kl":0.017725476995110512,"_step":2242,"val_loss":0.3739010989665985,"_wandb":{"runtime":700},"l1":0.18694846332073212,"val_l1":0.19664636254310608,"kl":0.10542198270559311,"_runtime":700.314757438,"_timestamp":1.7502984494444335e+09,"loss":1.2411682605743408}