{"_wandb":{"runtime":9736},"loss":0.10864590108394623,"val_loss":0.11507847905158997,"l1":0.0664023756980896,"_timestamp":1.7514503799903164e+09,"val_l1":0.1112508550286293,"_runtime":9736.266351221,"kl":0.004224352538585663,"val_kl":0.0003827624022960663,"_step":20000}