{"kl":0.0037285201251506805,"_wandb":{"runtime":9693},"loss":0.09546589106321335,"_runtime":9693.899015415,"val_kl":0.0003630227583926171,"val_loss":0.229946106672287,"_step":20000,"_timestamp":1.7508479972854881e+09,"l1":0.05818068981170654,"val_l1":0.22631599009037018}