{"kl":0.012356355786323547,"l1":0.07620679587125778,"_runtime":5073.665967959,"val_kl":0.0013154501793906093,"val_loss":0.2967323362827301,"_timestamp":1.7510154905361164e+09,"loss":0.19977036118507385,"_step":10000,"_wandb":{"runtime":5073},"val_l1":0.2835778295993805}