{"_timestamp":1.774880342176673e+09,"l2_loss":0.026509681716561317,"loss":0.026509681716561317,"_runtime":225.208655871,"_wandb":{"runtime":225},"_step":562,"val_l2_loss":1.1068254709243774,"val_loss":1.1068254709243774}