{"_timestamp":1.7751899237002926e+09,"val_l1":0.14752940833568573,"_wandb":{"runtime":2538},"val_kl":0.0007542831008322537,"l1":0.031726326793432236,"_runtime":2538.288157571,"val_loss":0.15507221221923828,"loss":0.07871218025684357,"_step":20000,"kl":0.004698585718870163}