{"l2_loss":0.004872097168117762,"_wandb":{"runtime":8367},"_runtime":8367.247728104,"loss":0.004872097168117762,"_step":22356,"val_l2_loss":0.03893356770277023,"val_loss":0.03893356770277023,"_timestamp":1.7750264928136332e+09}