{"_runtime":37494.383970101,"_step":100000,"val_l2_loss":0.02560272440314293,"val_loss":0.02560272440314293,"_timestamp":1.7749879459071333e+09,"l2_loss":0.0028718500398099422,"loss":0.0028718500398099422,"_wandb":{"runtime":37494}}