{"_step":10000,"val_kl":0.00307645951397717,"val_l1":0.28670522570610046,"val_loss":0.31746983528137207,"_wandb":{"runtime":2768},"kl":0.021371811628341675,"_runtime":2768.826208734,"loss":0.314743310213089,"_timestamp":1.750837506891524e+09,"l1":0.10102519392967224}