{"val_loss":0.24226853251457214,"val_kl":0.000754250620957464,"_wandb":{"runtime":2554},"val_l1":0.23472604155540466,"_runtime":2554.731118553,"l1":0.14288678765296936,"kl":0.0029385946691036224,"loss":0.17227274179458618,"_step":20000,"_timestamp":1.7749440668720207e+09}