{"l1":0.08825528621673584,"val_kl":0.0015474747633561492,"_wandb":{"runtime":4877},"_step":10000,"_runtime":4877.059877367,"kl":0.012415841221809387,"val_l1":0.38233447074890137,"_timestamp":1.7512756066957247e+09,"loss":0.2124136984348297,"val_loss":0.39780932664871216}